Transaction ID,Date,Year,Month,MonthName,Customer ID,Gender,Age,Age Band,Product Category,Quantity,Price per Unit,Total Amount
180,2023-01-01,2023,1,January,CUST180,Male,41,35-49,Clothing,3,300,900
522,2023-01-01,2023,1,January,CUST522,Male,46,35-49,Beauty,3,500,1500
559,2023-01-01,2023,1,January,CUST559,Female,40,35-49,Clothing,4,300,1200
163,2023-01-02,2023,1,January,CUST163,Female,64,50-64,Clothing,3,50,150
303,2023-01-02,2023,1,January,CUST303,Male,19,18-24,Electronics,3,30,90
421,2023-01-02,2023,1,January,CUST421,Female,37,35-49,Clothing,3,500,1500
979,2023-01-02,2023,1,January,CUST979,Female,19,18-24,Beauty,1,25,25
610,2023-01-03,2023,1,January,CUST610,Female,26,25-34,Beauty,2,300,600
32,2023-01-04,2023,1,January,CUST032,Male,30,25-34,Beauty,3,30,90
231,2023-01-04,2023,1,January,CUST231,Female,23,18-24,Clothing,3,50,150
683,2023-01-04,2023,1,January,CUST683,Male,38,35-49,Beauty,2,500,1000
367,2023-01-05,2023,1,January,CUST367,Female,57,50-64,Electronics,1,50,50
391,2023-01-05,2023,1,January,CUST391,Male,19,18-24,Beauty,2,25,50
432,2023-01-05,2023,1,January,CUST432,Female,60,50-64,Electronics,2,500,1000
150,2023-01-06,2023,1,January,CUST150,Female,58,50-64,Electronics,4,30,120
845,2023-01-06,2023,1,January,CUST845,Male,54,50-64,Clothing,1,500,500
797,2023-01-07,2023,1,January,CUST797,Male,40,35-49,Clothing,3,25,75
921,2023-01-07,2023,1,January,CUST921,Male,51,50-64,Electronics,3,25,75
291,2023-01-08,2023,1,January,CUST291,Male,60,50-64,Clothing,2,300,600
907,2023-01-08,2023,1,January,CUST907,Female,45,35-49,Electronics,1,25,25
860,2023-01-09,2023,1,January,CUST860,Male,63,50-64,Clothing,4,50,200
184,2023-01-10,2023,1,January,CUST184,Male,31,25-34,Electronics,4,50,200
734,2023-01-10,2023,1,January,CUST734,Female,27,25-34,Clothing,1,30,30
225,2023-01-11,2023,1,January,CUST225,Female,57,50-64,Beauty,4,25,100
679,2023-01-11,2023,1,January,CUST679,Female,18,18-24,Beauty,3,30,90
746,2023-01-11,2023,1,January,CUST746,Female,33,25-34,Clothing,3,30,90
3,2023-01-13,2023,1,January,CUST003,Male,50,50-64,Electronics,1,30,30
464,2023-01-13,2023,1,January,CUST464,Male,38,35-49,Electronics,2,300,600
484,2023-01-13,2023,1,January,CUST484,Female,19,18-24,Clothing,4,300,1200
591,2023-01-13,2023,1,January,CUST591,Male,53,50-64,Electronics,4,25,100
21,2023-01-14,2023,1,January,CUST021,Female,50,50-64,Beauty,1,500,500
708,2023-01-14,2023,1,January,CUST708,Female,43,35-49,Beauty,3,300,900
713,2023-01-14,2023,1,January,CUST713,Male,34,25-34,Beauty,3,25,75
768,2023-01-14,2023,1,January,CUST768,Female,24,18-24,Beauty,3,25,75
499,2023-01-15,2023,1,January,CUST499,Male,46,35-49,Beauty,2,30,60
697,2023-01-15,2023,1,January,CUST697,Male,53,50-64,Clothing,1,500,500
831,2023-01-15,2023,1,January,CUST831,Male,27,25-34,Electronics,4,25,100
15,2023-01-16,2023,1,January,CUST015,Female,42,35-49,Electronics,4,500,2000
743,2023-01-16,2023,1,January,CUST743,Female,34,25-34,Beauty,4,500,2000
14,2023-01-17,2023,1,January,CUST014,Male,64,50-64,Clothing,4,30,120
103,2023-01-17,2023,1,January,CUST103,Female,59,50-64,Clothing,1,25,25
238,2023-01-17,2023,1,January,CUST238,Female,39,35-49,Beauty,1,500,500
986,2023-01-17,2023,1,January,CUST986,Female,49,35-49,Clothing,2,500,1000
438,2023-01-19,2023,1,January,CUST438,Female,42,35-49,Clothing,1,30,30
475,2023-01-20,2023,1,January,CUST475,Male,26,25-34,Clothing,3,25,75
505,2023-01-20,2023,1,January,CUST505,Male,24,18-24,Beauty,1,50,50
344,2023-01-21,2023,1,January,CUST344,Female,42,35-49,Beauty,1,30,30
448,2023-01-21,2023,1,January,CUST448,Female,54,50-64,Beauty,2,30,60
742,2023-01-21,2023,1,January,CUST742,Female,38,35-49,Electronics,4,500,2000
445,2023-01-22,2023,1,January,CUST445,Female,53,50-64,Electronics,1,300,300
787,2023-01-22,2023,1,January,CUST787,Male,41,35-49,Electronics,1,25,25
49,2023-01-23,2023,1,January,CUST049,Female,54,50-64,Electronics,2,500,1000
420,2023-01-23,2023,1,January,CUST420,Female,22,18-24,Clothing,4,500,2000
519,2023-01-23,2023,1,January,CUST519,Female,36,35-49,Electronics,4,30,120
64,2023-01-24,2023,1,January,CUST064,Male,49,35-49,Clothing,4,25,100
592,2023-01-24,2023,1,January,CUST592,Female,46,35-49,Beauty,4,500,2000
912,2023-01-24,2023,1,January,CUST912,Male,51,50-64,Beauty,3,50,150
134,2023-01-25,2023,1,January,CUST134,Male,49,35-49,Electronics,1,50,50
288,2023-01-26,2023,1,January,CUST288,Male,28,25-34,Clothing,4,30,120
323,2023-01-26,2023,1,January,CUST323,Female,29,25-34,Beauty,3,300,900
618,2023-01-26,2023,1,January,CUST618,Female,27,25-34,Beauty,1,50,50
720,2023-01-26,2023,1,January,CUST720,Female,56,50-64,Beauty,3,500,1500
415,2023-01-27,2023,1,January,CUST415,Male,53,50-64,Clothing,2,30,60
736,2023-01-27,2023,1,January,CUST736,Male,29,25-34,Clothing,4,25,100
929,2023-01-27,2023,1,January,CUST929,Female,23,18-24,Beauty,3,25,75
264,2023-01-28,2023,1,January,CUST264,Male,47,35-49,Clothing,3,300,900
913,2023-01-28,2023,1,January,CUST913,Male,29,25-34,Electronics,3,30,90
940,2023-01-28,2023,1,January,CUST940,Female,20,18-24,Electronics,1,30,30
101,2023-01-29,2023,1,January,CUST101,Male,32,25-34,Clothing,2,300,600
189,2023-01-30,2023,1,January,CUST189,Male,63,50-64,Beauty,1,50,50
317,2023-01-30,2023,1,January,CUST317,Male,22,18-24,Electronics,3,30,90
322,2023-01-30,2023,1,January,CUST322,Male,51,50-64,Electronics,1,500,500
329,2023-01-30,2023,1,January,CUST329,Female,46,35-49,Electronics,4,25,100
235,2023-01-31,2023,1,January,CUST235,Female,23,18-24,Electronics,2,500,1000
300,2023-01-31,2023,1,January,CUST300,Female,19,18-24,Electronics,4,50,200
964,2023-01-31,2023,1,January,CUST964,Male,24,18-24,Clothing,3,300,900
269,2023-02-01,2023,2,February,CUST269,Male,25,25-34,Clothing,4,500,2000
320,2023-02-01,2023,2,February,CUST320,Female,28,25-34,Electronics,4,300,1200
673,2023-02-01,2023,2,February,CUST673,Female,43,35-49,Clothing,3,500,1500
142,2023-02-02,2023,2,February,CUST142,Male,35,35-49,Electronics,4,300,1200
223,2023-02-02,2023,2,February,CUST223,Female,64,50-64,Clothing,1,25,25
666,2023-02-02,2023,2,February,CUST666,Male,51,50-64,Electronics,3,50,150
107,2023-02-03,2023,2,February,CUST107,Female,21,18-24,Clothing,4,300,1200
933,2023-02-03,2023,2,February,CUST933,Male,22,18-24,Beauty,1,30,30
237,2023-02-04,2023,2,February,CUST237,Female,50,50-64,Beauty,2,500,1000
335,2023-02-04,2023,2,February,CUST335,Female,47,35-49,Beauty,4,30,120
63,2023-02-05,2023,2,February,CUST063,Male,57,50-64,Electronics,2,25,50
195,2023-02-05,2023,2,February,CUST195,Male,52,50-64,Clothing,1,30,30
333,2023-02-05,2023,2,February,CUST333,Female,54,50-64,Electronics,4,300,1200
379,2023-02-05,2023,2,February,CUST379,Female,47,35-49,Clothing,1,25,25
490,2023-02-05,2023,2,February,CUST490,Male,34,25-34,Clothing,3,50,150
530,2023-02-05,2023,2,February,CUST530,Female,18,18-24,Electronics,4,30,120
740,2023-02-05,2023,2,February,CUST740,Female,25,25-34,Beauty,4,50,200
793,2023-02-05,2023,2,February,CUST793,Male,54,50-64,Beauty,1,30,30
85,2023-02-06,2023,2,February,CUST085,Male,31,25-34,Clothing,3,50,150
232,2023-02-06,2023,2,February,CUST232,Female,43,35-49,Beauty,1,25,25
240,2023-02-06,2023,2,February,CUST240,Female,23,18-24,Beauty,1,300,300
993,2023-02-06,2023,2,February,CUST993,Female,48,35-49,Electronics,3,50,150
366,2023-02-07,2023,2,February,CUST366,Male,57,50-64,Clothing,2,50,100
372,2023-02-07,2023,2,February,CUST372,Female,24,18-24,Beauty,3,500,1500
596,2023-02-07,2023,2,February,CUST596,Female,64,50-64,Electronics,1,300,300
936,2023-02-07,2023,2,February,CUST936,Male,57,50-64,Beauty,4,50,200
284,2023-02-08,2023,2,February,CUST284,Male,43,35-49,Clothing,4,50,200
434,2023-02-08,2023,2,February,CUST434,Female,43,35-49,Electronics,2,25,50
775,2023-02-08,2023,2,February,CUST775,Female,46,35-49,Electronics,4,25,100
977,2023-02-08,2023,2,February,CUST977,Female,35,35-49,Electronics,3,25,75
649,2023-02-09,2023,2,February,CUST649,Female,58,50-64,Clothing,2,300,600
54,2023-02-10,2023,2,February,CUST054,Female,38,35-49,Electronics,3,500,1500
68,2023-02-10,2023,2,February,CUST068,Male,25,25-34,Electronics,1,300,300
192,2023-02-10,2023,2,February,CUST192,Male,62,50-64,Beauty,2,50,100
331,2023-02-11,2023,2,February,CUST331,Male,28,25-34,Electronics,3,30,90
346,2023-02-11,2023,2,February,CUST346,Male,59,50-64,Clothing,2,500,1000
657,2023-02-11,2023,2,February,CUST657,Male,40,35-49,Clothing,1,25,25
732,2023-02-11,2023,2,February,CUST732,Male,61,50-64,Electronics,2,500,1000
972,2023-02-11,2023,2,February,CUST972,Male,49,35-49,Beauty,4,25,100
714,2023-02-12,2023,2,February,CUST714,Female,18,18-24,Clothing,1,500,500
193,2023-02-13,2023,2,February,CUST193,Male,35,35-49,Beauty,3,500,1500
577,2023-02-13,2023,2,February,CUST577,Male,21,18-24,Beauty,4,500,2000
848,2023-02-13,2023,2,February,CUST848,Female,63,50-64,Clothing,3,25,75
945,2023-02-13,2023,2,February,CUST945,Male,30,25-34,Beauty,1,25,25
11,2023-02-14,2023,2,February,CUST011,Male,23,18-24,Clothing,2,50,100
821,2023-02-14,2023,2,February,CUST821,Male,49,35-49,Electronics,1,300,300
133,2023-02-16,2023,2,February,CUST133,Male,20,18-24,Electronics,3,300,900
16,2023-02-17,2023,2,February,CUST016,Male,19,18-24,Clothing,3,500,1500
42,2023-02-17,2023,2,February,CUST042,Male,22,18-24,Clothing,3,300,900
292,2023-02-17,2023,2,February,CUST292,Male,20,18-24,Beauty,4,300,1200
416,2023-02-17,2023,2,February,CUST416,Male,53,50-64,Electronics,4,500,2000
584,2023-02-17,2023,2,February,CUST584,Female,27,25-34,Beauty,4,50,200
861,2023-02-17,2023,2,February,CUST861,Female,41,35-49,Clothing,3,30,90
256,2023-02-18,2023,2,February,CUST256,Male,23,18-24,Clothing,2,500,1000
44,2023-02-19,2023,2,February,CUST044,Female,22,18-24,Clothing,1,25,25
257,2023-02-19,2023,2,February,CUST257,Male,19,18-24,Beauty,4,500,2000
268,2023-02-20,2023,2,February,CUST268,Female,28,25-34,Electronics,1,30,30
287,2023-02-20,2023,2,February,CUST287,Male,54,50-64,Clothing,4,25,100
966,2023-02-20,2023,2,February,CUST966,Male,60,50-64,Electronics,2,500,1000
70,2023-02-21,2023,2,February,CUST070,Female,43,35-49,Clothing,1,300,300
371,2023-02-21,2023,2,February,CUST371,Female,20,18-24,Beauty,1,25,25
900,2023-02-21,2023,2,February,CUST900,Male,21,18-24,Clothing,2,30,60
8,2023-02-22,2023,2,February,CUST008,Male,30,25-34,Electronics,4,25,100
41,2023-02-22,2023,2,February,CUST041,Male,34,25-34,Clothing,2,25,50
454,2023-02-22,2023,2,February,CUST454,Female,46,35-49,Beauty,1,25,25
780,2023-02-22,2023,2,February,CUST780,Male,52,50-64,Electronics,2,25,50
920,2023-02-22,2023,2,February,CUST920,Female,28,25-34,Beauty,3,25,75
396,2023-02-23,2023,2,February,CUST396,Female,55,50-64,Beauty,1,30,30
168,2023-02-24,2023,2,February,CUST168,Male,53,50-64,Clothing,1,300,300
400,2023-02-24,2023,2,February,CUST400,Male,53,50-64,Clothing,4,50,200
611,2023-02-24,2023,2,February,CUST611,Male,51,50-64,Beauty,3,500,1500
800,2023-02-24,2023,2,February,CUST800,Male,32,25-34,Clothing,4,300,1200
272,2023-02-25,2023,2,February,CUST272,Female,61,50-64,Electronics,2,50,100
473,2023-02-25,2023,2,February,CUST473,Male,64,50-64,Beauty,1,50,50
506,2023-02-25,2023,2,February,CUST506,Male,34,25-34,Beauty,3,500,1500
766,2023-02-25,2023,2,February,CUST766,Male,38,35-49,Electronics,3,300,900
135,2023-02-26,2023,2,February,CUST135,Male,20,18-24,Clothing,2,25,50
2,2023-02-27,2023,2,February,CUST002,Female,26,25-34,Clothing,20,500,10000
158,2023-02-27,2023,2,February,CUST158,Female,44,35-49,Electronics,2,300,600
185,2023-02-27,2023,2,February,CUST185,Male,24,18-24,Clothing,1,25,25
433,2023-02-27,2023,2,February,CUST433,Male,29,25-34,Beauty,4,50,200
152,2023-02-28,2023,2,February,CUST152,Male,43,35-49,Electronics,4,500,2000
753,2023-02-28,2023,2,February,CUST753,Female,32,25-34,Clothing,1,30,30
763,2023-02-28,2023,2,February,CUST763,Male,34,25-34,Clothing,2,25,50
932,2023-02-28,2023,2,February,CUST932,Female,45,35-49,Beauty,4,25,100
399,2023-03-01,2023,3,March,CUST399,Female,64,50-64,Beauty,2,30,60
500,2023-03-01,2023,3,March,CUST500,Female,60,50-64,Beauty,4,25,100
514,2023-03-01,2023,3,March,CUST514,Female,18,18-24,Electronics,1,300,300
947,2023-03-02,2023,3,March,CUST947,Male,50,50-64,Beauty,1,300,300
220,2023-03-03,2023,3,March,CUST220,Male,64,50-64,Beauty,1,500,500
339,2023-03-03,2023,3,March,CUST339,Female,22,18-24,Electronics,2,25,50
785,2023-03-03,2023,3,March,CUST785,Female,31,25-34,Beauty,4,50,200
885,2023-03-03,2023,3,March,CUST885,Female,52,50-64,Clothing,4,30,120
888,2023-03-03,2023,3,March,CUST888,Female,52,50-64,Electronics,4,25,100
621,2023-03-04,2023,3,March,CUST621,Female,40,35-49,Beauty,2,500,1000
52,2023-03-05,2023,3,March,CUST052,Female,36,35-49,Beauty,1,300,300
536,2023-03-05,2023,3,March,CUST536,Female,55,50-64,Beauty,4,30,120
197,2023-03-06,2023,3,March,CUST197,Female,42,35-49,Clothing,4,50,200
750,2023-03-06,2023,3,March,CUST750,Female,35,35-49,Clothing,3,25,75
910,2023-03-06,2023,3,March,CUST910,Female,20,18-24,Beauty,3,50,150
917,2023-03-06,2023,3,March,CUST917,Female,57,50-64,Electronics,4,50,200
198,2023-03-07,2023,3,March,CUST198,Female,54,50-64,Beauty,3,300,900
444,2023-03-07,2023,3,March,CUST444,Female,61,50-64,Clothing,3,30,90
547,2023-03-07,2023,3,March,CUST547,Male,63,50-64,Clothing,4,500,2000
705,2023-03-07,2023,3,March,CUST705,Male,60,50-64,Electronics,2,25,50
423,2023-03-08,2023,3,March,CUST423,Female,27,25-34,Clothing,1,25,25
248,2023-03-09,2023,3,March,CUST248,Male,26,25-34,Clothing,3,300,900
360,2023-03-09,2023,3,March,CUST360,Male,42,35-49,Clothing,4,25,100
377,2023-03-09,2023,3,March,CUST377,Female,46,35-49,Clothing,4,50,200
397,2023-03-10,2023,3,March,CUST397,Female,30,25-34,Beauty,1,25,25
623,2023-03-10,2023,3,March,CUST623,Male,34,25-34,Clothing,3,50,150
717,2023-03-11,2023,3,March,CUST717,Male,57,50-64,Clothing,1,500,500
130,2023-03-12,2023,3,March,CUST130,Female,57,50-64,Clothing,1,500,500
658,2023-03-12,2023,3,March,CUST658,Male,59,50-64,Clothing,1,25,25
7,2023-03-13,2023,3,March,CUST007,Male,46,35-49,Clothing,2,25,50
119,2023-03-13,2023,3,March,CUST119,Female,60,50-64,Clothing,3,50,150
278,2023-03-13,2023,3,March,CUST278,Female,37,35-49,Clothing,4,25,100
117,2023-03-15,2023,3,March,CUST117,Male,19,18-24,Electronics,2,500,1000
442,2023-03-17,2023,3,March,CUST442,Female,60,50-64,Clothing,4,25,100
590,2023-03-17,2023,3,March,CUST590,Male,36,35-49,Clothing,3,300,900
607,2023-03-17,2023,3,March,CUST607,Male,54,50-64,Clothing,3,25,75
436,2023-03-18,2023,3,March,CUST436,Female,57,50-64,Clothing,4,30,120
942,2023-03-18,2023,3,March,CUST942,Male,51,50-64,Clothing,3,500,1500
659,2023-03-19,2023,3,March,CUST659,Female,39,35-49,Electronics,1,30,30
941,2023-03-19,2023,3,March,CUST941,Female,57,50-64,Clothing,2,25,50
136,2023-03-20,2023,3,March,CUST136,Male,44,35-49,Electronics,2,300,600
175,2023-03-20,2023,3,March,CUST175,Female,31,25-34,Electronics,4,25,100
663,2023-03-20,2023,3,March,CUST663,Male,23,18-24,Clothing,4,300,1200
748,2023-03-20,2023,3,March,CUST748,Male,25,25-34,Clothing,3,50,150
806,2023-03-20,2023,3,March,CUST806,Female,35,35-49,Beauty,3,300,900
38,2023-03-21,2023,3,March,CUST038,Male,38,35-49,Beauty,4,50,200
313,2023-03-21,2023,3,March,CUST313,Female,55,50-64,Beauty,3,500,1500
402,2023-03-21,2023,3,March,CUST402,Female,41,35-49,Clothing,2,300,600
459,2023-03-21,2023,3,March,CUST459,Male,28,25-34,Clothing,4,300,1200
161,2023-03-22,2023,3,March,CUST161,Male,64,50-64,Beauty,2,500,1000
328,2023-03-22,2023,3,March,CUST328,Male,39,35-49,Beauty,2,50,100
383,2023-03-22,2023,3,March,CUST383,Female,46,35-49,Beauty,3,30,90
973,2023-03-22,2023,3,March,CUST973,Male,60,50-64,Clothing,1,50,50
978,2023-03-22,2023,3,March,CUST978,Female,53,50-64,Clothing,3,50,150
33,2023-03-23,2023,3,March,CUST033,Female,50,50-64,Electronics,2,50,100
138,2023-03-23,2023,3,March,CUST138,Male,49,35-49,Clothing,4,50,200
471,2023-03-23,2023,3,March,CUST471,Male,32,25-34,Clothing,3,50,150
636,2023-03-23,2023,3,March,CUST636,Female,21,18-24,Beauty,3,500,1500
177,2023-03-24,2023,3,March,CUST177,Male,45,35-49,Beauty,2,50,100
426,2023-03-24,2023,3,March,CUST426,Male,23,18-24,Electronics,3,50,150
76,2023-03-25,2023,3,March,CUST076,Female,22,18-24,Electronics,2,50,100
91,2023-03-25,2023,3,March,CUST091,Female,55,50-64,Electronics,1,500,500
461,2023-03-25,2023,3,March,CUST461,Female,18,18-24,Beauty,2,500,1000
764,2023-03-25,2023,3,March,CUST764,Female,40,35-49,Clothing,1,25,25
202,2023-03-26,2023,3,March,CUST202,Female,34,25-34,Clothing,4,300,1200
301,2023-03-26,2023,3,March,CUST301,Male,30,25-34,Clothing,4,30,120
703,2023-03-26,2023,3,March,CUST703,Male,34,25-34,Electronics,2,50,100
294,2023-03-27,2023,3,March,CUST294,Female,23,18-24,Clothing,3,30,90
760,2023-03-27,2023,3,March,CUST760,Male,27,25-34,Beauty,1,500,500
575,2023-03-28,2023,3,March,CUST575,Male,60,50-64,Clothing,2,50,100
88,2023-03-29,2023,3,March,CUST088,Male,56,50-64,Clothing,1,500,500
975,2023-03-30,2023,3,March,CUST975,Female,56,50-64,Clothing,4,50,200
553,2023-03-31,2023,3,March,CUST553,Male,24,18-24,Clothing,4,300,1200
462,2023-04-01,2023,4,April,CUST462,Male,63,50-64,Electronics,4,300,1200
614,2023-04-01,2023,4,April,CUST614,Female,39,35-49,Beauty,4,300,1200
808,2023-04-01,2023,4,April,CUST808,Male,33,25-34,Beauty,4,500,2000
166,2023-04-02,2023,4,April,CUST166,Male,34,25-34,Clothing,4,500,2000
465,2023-04-02,2023,4,April,CUST465,Female,43,35-49,Electronics,3,50,150
502,2023-04-02,2023,4,April,CUST502,Male,43,35-49,Electronics,3,50,150
905,2023-04-02,2023,4,April,CUST905,Male,58,50-64,Beauty,1,300,300
280,2023-04-04,2023,4,April,CUST280,Female,37,35-49,Clothing,3,500,1500
719,2023-04-04,2023,4,April,CUST719,Female,42,35-49,Clothing,2,30,60
834,2023-04-04,2023,4,April,CUST834,Female,56,50-64,Beauty,2,30,60
891,2023-04-05,2023,4,April,CUST891,Male,41,35-49,Electronics,3,300,900
928,2023-04-05,2023,4,April,CUST928,Female,35,35-49,Clothing,4,300,1200
332,2023-04-06,2023,4,April,CUST332,Male,58,50-64,Electronics,4,300,1200
255,2023-04-08,2023,4,April,CUST255,Male,48,35-49,Clothing,1,30,30
275,2023-04-08,2023,4,April,CUST275,Male,43,35-49,Clothing,2,500,1000
314,2023-04-08,2023,4,April,CUST314,Male,52,50-64,Clothing,4,30,120
517,2023-04-08,2023,4,April,CUST517,Female,47,35-49,Clothing,4,25,100
847,2023-04-08,2023,4,April,CUST847,Female,18,18-24,Electronics,4,300,1200
61,2023-04-09,2023,4,April,CUST061,Male,21,18-24,Beauty,4,50,200
274,2023-04-09,2023,4,April,CUST274,Female,23,18-24,Clothing,2,500,1000
486,2023-04-09,2023,4,April,CUST486,Female,35,35-49,Electronics,1,25,25
548,2023-04-09,2023,4,April,CUST548,Female,51,50-64,Clothing,2,30,60
886,2023-04-09,2023,4,April,CUST886,Male,37,35-49,Electronics,3,300,900
892,2023-04-09,2023,4,April,CUST892,Male,20,18-24,Electronics,1,50,50
601,2023-04-10,2023,4,April,CUST601,Male,19,18-24,Clothing,1,30,30
901,2023-04-10,2023,4,April,CUST901,Male,31,25-34,Electronics,1,30,30
527,2023-04-11,2023,4,April,CUST527,Male,57,50-64,Clothing,2,25,50
23,2023-04-12,2023,4,April,CUST023,Female,35,35-49,Clothing,4,30,120
174,2023-04-12,2023,4,April,CUST174,Female,39,35-49,Beauty,1,300,300
589,2023-04-12,2023,4,April,CUST589,Female,36,35-49,Beauty,2,500,1000
774,2023-04-12,2023,4,April,CUST774,Female,40,35-49,Clothing,2,25,50
1000,2023-04-12,2023,4,April,CUST1000,Male,47,35-49,Electronics,4,30,120
210,2023-04-13,2023,4,April,CUST210,Male,37,35-49,Electronics,4,50,200
478,2023-04-13,2023,4,April,CUST478,Female,58,50-64,Clothing,2,30,60
745,2023-04-13,2023,4,April,CUST745,Male,54,50-64,Beauty,2,50,100
354,2023-04-15,2023,4,April,CUST354,Female,49,35-49,Beauty,4,50,200
408,2023-04-15,2023,4,April,CUST408,Female,64,50-64,Beauty,1,500,500
674,2023-04-16,2023,4,April,CUST674,Female,38,35-49,Clothing,1,300,300
967,2023-04-17,2023,4,April,CUST967,Male,62,50-64,Beauty,1,25,25
79,2023-04-18,2023,4,April,CUST079,Male,34,25-34,Beauty,1,300,300
406,2023-04-18,2023,4,April,CUST406,Female,22,18-24,Beauty,4,25,100
450,2023-04-18,2023,4,April,CUST450,Female,59,50-64,Beauty,2,25,50
562,2023-04-18,2023,4,April,CUST562,Male,54,50-64,Electronics,2,25,50
108,2023-04-19,2023,4,April,CUST108,Female,27,25-34,Beauty,3,25,75
111,2023-04-19,2023,4,April,CUST111,Female,34,25-34,Electronics,3,500,1500
207,2023-04-19,2023,4,April,CUST207,Female,42,35-49,Beauty,2,25,50
724,2023-04-19,2023,4,April,CUST724,Male,61,50-64,Clothing,3,50,150
836,2023-04-19,2023,4,April,CUST836,Female,22,18-24,Clothing,1,50,50
969,2023-04-19,2023,4,April,CUST969,Female,40,35-49,Clothing,3,300,900
246,2023-04-20,2023,4,April,CUST246,Female,48,35-49,Electronics,2,25,50
298,2023-04-20,2023,4,April,CUST298,Male,27,25-34,Beauty,4,300,1200
374,2023-04-20,2023,4,April,CUST374,Female,59,50-64,Beauty,3,25,75
572,2023-04-20,2023,4,April,CUST572,Male,31,25-34,Clothing,4,500,2000
665,2023-04-20,2023,4,April,CUST665,Male,57,50-64,Clothing,1,50,50
39,2023-04-21,2023,4,April,CUST039,Male,23,18-24,Clothing,4,30,120
893,2023-04-21,2023,4,April,CUST893,Male,49,35-49,Electronics,1,50,50
17,2023-04-22,2023,4,April,CUST017,Female,27,25-34,Clothing,4,25,100
316,2023-04-22,2023,4,April,CUST316,Female,48,35-49,Clothing,2,25,50
755,2023-04-22,2023,4,April,CUST755,Female,58,50-64,Clothing,3,25,75
28,2023-04-23,2023,4,April,CUST028,Female,43,35-49,Beauty,1,500,500
98,2023-04-23,2023,4,April,CUST098,Female,55,50-64,Beauty,2,50,100
129,2023-04-23,2023,4,April,CUST129,Female,21,18-24,Beauty,2,300,600
230,2023-04-23,2023,4,April,CUST230,Male,54,50-64,Beauty,1,25,25
613,2023-04-23,2023,4,April,CUST613,Female,52,50-64,Clothing,3,30,90
691,2023-04-23,2023,4,April,CUST691,Female,51,50-64,Clothing,3,30,90
693,2023-04-23,2023,4,April,CUST693,Male,41,35-49,Beauty,3,500,1500
477,2023-04-24,2023,4,April,CUST477,Male,43,35-49,Clothing,4,30,120
863,2023-04-24,2023,4,April,CUST863,Female,30,25-34,Electronics,2,25,50
6,2023-04-25,2023,4,April,CUST006,Female,45,35-49,Beauty,1,30,30
483,2023-04-25,2023,4,April,CUST483,Male,55,50-64,Clothing,1,30,30
738,2023-04-25,2023,4,April,CUST738,Male,41,35-49,Clothing,2,50,100
222,2023-04-26,2023,4,April,CUST222,Male,51,50-64,Clothing,4,30,120
588,2023-04-26,2023,4,April,CUST588,Male,38,35-49,Electronics,2,30,60
953,2023-04-26,2023,4,April,CUST953,Male,45,35-49,Beauty,3,30,90
66,2023-04-27,2023,4,April,CUST066,Female,45,35-49,Electronics,1,30,30
482,2023-04-27,2023,4,April,CUST482,Female,28,25-34,Clothing,4,300,1200
903,2023-04-27,2023,4,April,CUST903,Female,51,50-64,Beauty,4,50,200
102,2023-04-28,2023,4,April,CUST102,Female,47,35-49,Beauty,2,25,50
228,2023-04-28,2023,4,April,CUST228,Female,59,50-64,Electronics,2,30,60
236,2023-04-28,2023,4,April,CUST236,Female,54,50-64,Clothing,1,25,25
660,2023-04-29,2023,4,April,CUST660,Female,38,35-49,Beauty,2,500,1000
884,2023-04-29,2023,4,April,CUST884,Female,26,25-34,Clothing,2,30,60
987,2023-04-29,2023,4,April,CUST987,Female,30,25-34,Clothing,3,300,900
18,2023-04-30,2023,4,April,CUST018,Female,47,35-49,Electronics,2,25,50
69,2023-04-30,2023,4,April,CUST069,Female,56,50-64,Beauty,3,25,75
995,2023-04-30,2023,4,April,CUST995,Female,41,35-49,Clothing,1,30,30
337,2023-05-01,2023,5,May,CUST337,Male,38,35-49,Clothing,1,500,500
585,2023-05-01,2023,5,May,CUST585,Female,24,18-24,Clothing,1,25,25
652,2023-05-01,2023,5,May,CUST652,Female,34,25-34,Beauty,2,50,100
242,2023-05-02,2023,5,May,CUST242,Male,21,18-24,Clothing,1,25,25
293,2023-05-02,2023,5,May,CUST293,Male,50,50-64,Electronics,3,30,90
460,2023-05-02,2023,5,May,CUST460,Male,40,35-49,Beauty,1,50,50
188,2023-05-03,2023,5,May,CUST188,Male,40,35-49,Clothing,3,25,75
357,2023-05-03,2023,5,May,CUST357,Female,40,35-49,Electronics,3,25,75
646,2023-05-03,2023,5,May,CUST646,Male,38,35-49,Clothing,3,30,90
749,2023-05-03,2023,5,May,CUST749,Male,42,35-49,Beauty,1,30,30
974,2023-05-03,2023,5,May,CUST974,Male,47,35-49,Beauty,1,30,30
190,2023-05-04,2023,5,May,CUST190,Female,60,50-64,Beauty,3,30,90
849,2023-05-04,2023,5,May,CUST849,Male,32,25-34,Clothing,2,25,50
853,2023-05-04,2023,5,May,CUST853,Male,21,18-24,Beauty,2,500,1000
252,2023-05-05,2023,5,May,CUST252,Male,54,50-64,Electronics,1,300,300
606,2023-05-05,2023,5,May,CUST606,Male,22,18-24,Electronics,1,50,50
779,2023-05-05,2023,5,May,CUST779,Female,56,50-64,Electronics,2,500,1000
824,2023-05-05,2023,5,May,CUST824,Male,63,50-64,Clothing,4,30,120
866,2023-05-05,2023,5,May,CUST866,Male,24,18-24,Electronics,1,50,50
5,2023-05-06,2023,5,May,CUST005,Male,30,25-34,Beauty,2,50,100
90,2023-05-06,2023,5,May,CUST090,Female,51,50-64,Electronics,1,30,30
380,2023-05-06,2023,5,May,CUST380,Male,56,50-64,Electronics,2,300,600
593,2023-05-06,2023,5,May,CUST593,Male,35,35-49,Electronics,2,30,60
820,2023-05-06,2023,5,May,CUST820,Male,49,35-49,Electronics,4,50,200
120,2023-05-07,2023,5,May,CUST120,Male,60,50-64,Beauty,1,50,50
221,2023-05-07,2023,5,May,CUST221,Male,39,35-49,Beauty,2,300,600
341,2023-05-07,2023,5,May,CUST341,Male,31,25-34,Clothing,4,50,200
640,2023-05-07,2023,5,May,CUST640,Female,51,50-64,Electronics,4,30,120
744,2023-05-07,2023,5,May,CUST744,Male,40,35-49,Electronics,1,25,25
273,2023-05-08,2023,5,May,CUST273,Female,22,18-24,Beauty,1,50,50
283,2023-05-08,2023,5,May,CUST283,Female,18,18-24,Electronics,1,500,500
452,2023-05-08,2023,5,May,CUST452,Female,48,35-49,Clothing,3,500,1500
469,2023-05-08,2023,5,May,CUST469,Male,18,18-24,Beauty,3,25,75
620,2023-05-08,2023,5,May,CUST620,Male,63,50-64,Electronics,3,25,75
946,2023-05-08,2023,5,May,CUST946,Male,62,50-64,Electronics,4,500,2000
148,2023-05-09,2023,5,May,CUST148,Male,18,18-24,Clothing,2,30,60
414,2023-05-09,2023,5,May,CUST414,Male,48,35-49,Beauty,4,25,100
883,2023-05-09,2023,5,May,CUST883,Male,40,35-49,Electronics,1,500,500
731,2023-05-10,2023,5,May,CUST731,Male,54,50-64,Clothing,4,500,2000
930,2023-05-10,2023,5,May,CUST930,Male,54,50-64,Clothing,4,50,200
518,2023-05-11,2023,5,May,CUST518,Female,40,35-49,Clothing,1,30,30
758,2023-05-12,2023,5,May,CUST758,Male,64,50-64,Clothing,4,25,100
639,2023-05-13,2023,5,May,CUST639,Female,62,50-64,Beauty,4,50,200
838,2023-05-13,2023,5,May,CUST838,Male,47,35-49,Electronics,2,300,600
353,2023-05-14,2023,5,May,CUST353,Male,31,25-34,Electronics,1,500,500
501,2023-05-14,2023,5,May,CUST501,Male,39,35-49,Electronics,2,30,60
721,2023-05-14,2023,5,May,CUST721,Female,52,50-64,Clothing,1,500,500
123,2023-05-15,2023,5,May,CUST123,Female,40,35-49,Electronics,2,30,60
164,2023-05-15,2023,5,May,CUST164,Female,47,35-49,Beauty,3,500,1500
425,2023-05-15,2023,5,May,CUST425,Female,55,50-64,Electronics,4,30,120
48,2023-05-16,2023,5,May,CUST048,Male,54,50-64,Electronics,3,300,900
118,2023-05-16,2023,5,May,CUST118,Female,30,25-34,Electronics,4,500,2000
203,2023-05-16,2023,5,May,CUST203,Male,56,50-64,Clothing,2,500,1000
305,2023-05-16,2023,5,May,CUST305,Female,18,18-24,Beauty,1,30,30
358,2023-05-16,2023,5,May,CUST358,Female,32,25-34,Beauty,1,300,300
376,2023-05-16,2023,5,May,CUST376,Female,64,50-64,Beauty,1,30,30
398,2023-05-16,2023,5,May,CUST398,Female,48,35-49,Clothing,2,300,600
411,2023-05-16,2023,5,May,CUST411,Male,62,50-64,Electronics,4,50,200
504,2023-05-16,2023,5,May,CUST504,Female,38,35-49,Beauty,3,50,150
970,2023-05-16,2023,5,May,CUST970,Male,59,50-64,Electronics,4,500,2000
996,2023-05-16,2023,5,May,CUST996,Male,62,50-64,Clothing,1,50,50
81,2023-05-17,2023,5,May,CUST081,Male,40,35-49,Electronics,1,50,50
155,2023-05-17,2023,5,May,CUST155,Male,31,25-34,Electronics,4,500,2000
470,2023-05-17,2023,5,May,CUST470,Female,57,50-64,Clothing,2,500,1000
106,2023-05-18,2023,5,May,CUST106,Female,46,35-49,Clothing,1,50,50
818,2023-05-18,2023,5,May,CUST818,Male,30,25-34,Electronics,1,500,500
94,2023-05-19,2023,5,May,CUST094,Female,47,35-49,Beauty,2,500,1000
811,2023-05-19,2023,5,May,CUST811,Male,61,50-64,Beauty,2,25,50
881,2023-05-19,2023,5,May,CUST881,Male,22,18-24,Electronics,1,300,300
403,2023-05-20,2023,5,May,CUST403,Male,32,25-34,Clothing,2,300,600
653,2023-05-20,2023,5,May,CUST653,Male,54,50-64,Clothing,3,25,75
694,2023-05-20,2023,5,May,CUST694,Female,39,35-49,Electronics,2,25,50
4,2023-05-21,2023,5,May,CUST004,Male,37,35-49,Clothing,1,500,500
647,2023-05-21,2023,5,May,CUST647,Male,59,50-64,Clothing,3,500,1500
911,2023-05-21,2023,5,May,CUST911,Male,42,35-49,Electronics,3,300,900
419,2023-05-22,2023,5,May,CUST419,Female,44,35-49,Clothing,3,30,90
642,2023-05-22,2023,5,May,CUST642,Female,54,50-64,Clothing,4,25,100
843,2023-05-22,2023,5,May,CUST843,Male,21,18-24,Beauty,3,500,1500
895,2023-05-22,2023,5,May,CUST895,Female,55,50-64,Clothing,4,30,120
31,2023-05-23,2023,5,May,CUST031,Male,44,35-49,Electronics,4,300,1200
37,2023-05-23,2023,5,May,CUST037,Female,18,18-24,Beauty,3,25,75
72,2023-05-23,2023,5,May,CUST072,Female,20,18-24,Electronics,4,500,2000
243,2023-05-23,2023,5,May,CUST243,Female,47,35-49,Electronics,3,300,900
281,2023-05-23,2023,5,May,CUST281,Female,29,25-34,Beauty,4,500,2000
489,2023-05-23,2023,5,May,CUST489,Male,44,35-49,Electronics,1,30,30
491,2023-05-23,2023,5,May,CUST491,Female,60,50-64,Electronics,3,300,900
729,2023-05-23,2023,5,May,CUST729,Male,29,25-34,Clothing,4,300,1200
822,2023-05-23,2023,5,May,CUST822,Female,52,50-64,Beauty,3,50,150
840,2023-05-24,2023,5,May,CUST840,Male,62,50-64,Clothing,2,25,50
404,2023-05-25,2023,5,May,CUST404,Male,46,35-49,Electronics,2,500,1000
899,2023-05-25,2023,5,May,CUST899,Male,26,25-34,Clothing,2,300,600
990,2023-05-25,2023,5,May,CUST990,Female,58,50-64,Beauty,2,500,1000
382,2023-05-26,2023,5,May,CUST382,Female,53,50-64,Clothing,2,500,1000
578,2023-05-26,2023,5,May,CUST578,Female,54,50-64,Clothing,4,30,120
923,2023-05-26,2023,5,May,CUST923,Male,32,25-34,Beauty,3,300,900
307,2023-05-27,2023,5,May,CUST307,Female,26,25-34,Electronics,2,25,50
561,2023-05-27,2023,5,May,CUST561,Female,64,50-64,Clothing,4,500,2000
651,2023-05-27,2023,5,May,CUST651,Male,51,50-64,Clothing,3,50,150
988,2023-05-28,2023,5,May,CUST988,Female,63,50-64,Clothing,3,25,75
67,2023-05-29,2023,5,May,CUST067,Female,48,35-49,Beauty,4,300,1200
915,2023-05-30,2023,5,May,CUST915,Female,26,25-34,Beauty,3,30,90
985,2023-05-30,2023,5,May,CUST985,Female,19,18-24,Electronics,2,25,50
56,2023-05-31,2023,5,May,CUST056,Female,26,25-34,Clothing,3,300,900
159,2023-05-31,2023,5,May,CUST159,Male,26,25-34,Clothing,4,50,200
862,2023-05-31,2023,5,May,CUST862,Male,28,25-34,Electronics,4,300,1200
315,2023-06-01,2023,6,June,CUST315,Male,47,35-49,Clothing,2,30,60
545,2023-06-01,2023,6,June,CUST545,Male,27,25-34,Clothing,2,25,50
902,2023-06-01,2023,6,June,CUST902,Female,54,50-64,Beauty,1,50,50
170,2023-06-02,2023,6,June,CUST170,Female,25,25-34,Clothing,2,25,50
685,2023-06-02,2023,6,June,CUST685,Male,57,50-64,Electronics,2,25,50
958,2023-06-02,2023,6,June,CUST958,Male,62,50-64,Electronics,2,25,50
363,2023-06-03,2023,6,June,CUST363,Male,64,50-64,Beauty,1,25,25
394,2023-06-03,2023,6,June,CUST394,Female,27,25-34,Clothing,1,500,500
537,2023-06-03,2023,6,June,CUST537,Female,21,18-24,Beauty,1,500,500
387,2023-06-04,2023,6,June,CUST387,Male,44,35-49,Beauty,1,30,30
556,2023-06-04,2023,6,June,CUST556,Female,18,18-24,Electronics,1,50,50
782,2023-06-04,2023,6,June,CUST782,Male,59,50-64,Clothing,3,300,900
906,2023-06-04,2023,6,June,CUST906,Female,20,18-24,Clothing,1,50,50
560,2023-06-05,2023,6,June,CUST560,Female,25,25-34,Electronics,1,50,50
944,2023-06-05,2023,6,June,CUST944,Male,44,35-49,Clothing,2,25,50
481,2023-06-06,2023,6,June,CUST481,Female,43,35-49,Electronics,4,300,1200
867,2023-06-06,2023,6,June,CUST867,Male,21,18-24,Electronics,1,500,500
882,2023-06-06,2023,6,June,CUST882,Female,64,50-64,Electronics,2,25,50
961,2023-06-06,2023,6,June,CUST961,Male,53,50-64,Beauty,4,50,200
187,2023-06-07,2023,6,June,CUST187,Female,64,50-64,Clothing,2,50,100
446,2023-06-07,2023,6,June,CUST446,Male,21,18-24,Electronics,1,50,50
539,2023-06-08,2023,6,June,CUST539,Male,25,25-34,Beauty,1,500,500
587,2023-06-08,2023,6,June,CUST587,Female,40,35-49,Beauty,4,300,1200
212,2023-06-09,2023,6,June,CUST212,Male,21,18-24,Clothing,3,500,1500
765,2023-06-09,2023,6,June,CUST765,Male,43,35-49,Clothing,4,50,200
769,2023-06-09,2023,6,June,CUST769,Female,31,25-34,Electronics,4,30,120
321,2023-06-10,2023,6,June,CUST321,Female,26,25-34,Electronics,2,25,50
356,2023-06-10,2023,6,June,CUST356,Male,50,50-64,Electronics,3,500,1500
510,2023-06-10,2023,6,June,CUST510,Female,39,35-49,Beauty,4,50,200
534,2023-06-10,2023,6,June,CUST534,Male,45,35-49,Clothing,2,500,1000
104,2023-06-11,2023,6,June,CUST104,Female,34,25-34,Beauty,2,500,1000
110,2023-06-11,2023,6,June,CUST110,Male,27,25-34,Clothing,3,300,900
352,2023-06-11,2023,6,June,CUST352,Male,57,50-64,Electronics,2,500,1000
365,2023-06-11,2023,6,June,CUST365,Male,31,25-34,Clothing,1,300,300
887,2023-06-11,2023,6,June,CUST887,Male,59,50-64,Clothing,4,25,100
629,2023-06-12,2023,6,June,CUST629,Male,62,50-64,Electronics,2,25,50
655,2023-06-13,2023,6,June,CUST655,Female,55,50-64,Clothing,1,500,500
567,2023-06-14,2023,6,June,CUST567,Female,25,25-34,Clothing,3,300,900
182,2023-06-15,2023,6,June,CUST182,Male,62,50-64,Beauty,4,30,120
819,2023-06-15,2023,6,June,CUST819,Female,35,35-49,Beauty,2,50,100
100,2023-06-16,2023,6,June,CUST100,Male,41,35-49,Electronics,1,30,30
833,2023-06-16,2023,6,June,CUST833,Male,42,35-49,Beauty,4,50,200
542,2023-06-17,2023,6,June,CUST542,Female,20,18-24,Beauty,1,50,50
723,2023-06-17,2023,6,June,CUST723,Female,54,50-64,Beauty,4,50,200
726,2023-06-17,2023,6,June,CUST726,Male,47,35-49,Clothing,4,300,1200
488,2023-06-18,2023,6,June,CUST488,Female,51,50-64,Electronics,3,300,900
239,2023-06-19,2023,6,June,CUST239,Male,38,35-49,Electronics,3,500,1500
498,2023-06-19,2023,6,June,CUST498,Female,50,50-64,Clothing,4,25,100
532,2023-06-19,2023,6,June,CUST532,Female,64,50-64,Clothing,4,30,120
669,2023-06-19,2023,6,June,CUST669,Male,24,18-24,Beauty,4,300,1200
877,2023-06-19,2023,6,June,CUST877,Female,58,50-64,Clothing,1,25,25
422,2023-06-20,2023,6,June,CUST422,Female,28,25-34,Clothing,3,30,90
466,2023-06-20,2023,6,June,CUST466,Male,63,50-64,Electronics,4,25,100
583,2023-06-21,2023,6,June,CUST583,Female,24,18-24,Electronics,4,25,100
654,2023-06-21,2023,6,June,CUST654,Male,42,35-49,Clothing,3,25,75
40,2023-06-22,2023,6,June,CUST040,Male,45,35-49,Beauty,1,50,50
699,2023-06-22,2023,6,June,CUST699,Female,37,35-49,Clothing,4,30,120
727,2023-06-22,2023,6,June,CUST727,Male,55,50-64,Beauty,3,300,900
830,2023-06-22,2023,6,June,CUST830,Female,64,50-64,Clothing,3,50,150
224,2023-06-23,2023,6,June,CUST224,Female,25,25-34,Clothing,1,50,50
271,2023-06-23,2023,6,June,CUST271,Female,62,50-64,Beauty,4,30,120
36,2023-06-24,2023,6,June,CUST036,Male,52,50-64,Beauty,3,300,900
157,2023-06-24,2023,6,June,CUST157,Male,62,50-64,Electronics,4,500,2000
796,2023-06-24,2023,6,June,CUST796,Male,43,35-49,Beauty,4,30,120
839,2023-06-24,2023,6,June,CUST839,Female,20,18-24,Electronics,4,300,1200
927,2023-06-24,2023,6,June,CUST927,Male,43,35-49,Electronics,4,500,2000
407,2023-06-25,2023,6,June,CUST407,Female,46,35-49,Electronics,3,300,900
46,2023-06-26,2023,6,June,CUST046,Female,20,18-24,Electronics,4,300,1200
509,2023-06-26,2023,6,June,CUST509,Female,37,35-49,Electronics,3,300,900
874,2023-06-26,2023,6,June,CUST874,Male,60,50-64,Beauty,1,30,30
788,2023-06-27,2023,6,June,CUST788,Female,52,50-64,Beauty,3,300,900
378,2023-06-28,2023,6,June,CUST378,Male,50,50-64,Beauty,1,300,300
480,2023-06-29,2023,6,June,CUST480,Female,42,35-49,Beauty,4,500,2000
492,2023-06-29,2023,6,June,CUST492,Male,61,50-64,Beauty,4,25,100
737,2023-06-29,2023,6,June,CUST737,Female,33,25-34,Clothing,1,50,50
684,2023-06-30,2023,6,June,CUST684,Female,28,25-34,Clothing,2,500,1000
878,2023-06-30,2023,6,June,CUST878,Female,20,18-24,Clothing,1,30,30
78,2023-07-01,2023,7,July,CUST078,Female,47,35-49,Clothing,3,500,1500
260,2023-07-01,2023,7,July,CUST260,Male,28,25-34,Beauty,2,30,60
455,2023-07-01,2023,7,July,CUST455,Male,31,25-34,Electronics,4,25,100
837,2023-07-01,2023,7,July,CUST837,Male,18,18-24,Beauty,3,30,90
45,2023-07-03,2023,7,July,CUST045,Female,55,50-64,Electronics,1,30,30
449,2023-07-03,2023,7,July,CUST449,Male,25,25-34,Electronics,4,50,200
904,2023-07-04,2023,7,July,CUST904,Male,28,25-34,Clothing,1,500,500
59,2023-07-05,2023,7,July,CUST059,Male,62,50-64,Clothing,1,50,50
128,2023-07-05,2023,7,July,CUST128,Male,25,25-34,Beauty,1,500,500
186,2023-07-05,2023,7,July,CUST186,Male,20,18-24,Clothing,4,50,200
802,2023-07-05,2023,7,July,CUST802,Female,46,35-49,Beauty,1,30,30
75,2023-07-06,2023,7,July,CUST075,Male,61,50-64,Beauty,4,50,200
447,2023-07-06,2023,7,July,CUST447,Male,22,18-24,Beauty,4,500,2000
528,2023-07-06,2023,7,July,CUST528,Female,36,35-49,Clothing,2,30,60
759,2023-07-08,2023,7,July,CUST759,Male,49,35-49,Electronics,2,50,100
870,2023-07-08,2023,7,July,CUST870,Female,46,35-49,Electronics,4,30,120
77,2023-07-09,2023,7,July,CUST077,Female,47,35-49,Clothing,2,50,100
381,2023-07-09,2023,7,July,CUST381,Female,44,35-49,Clothing,4,25,100
439,2023-07-09,2023,7,July,CUST439,Male,50,50-64,Clothing,3,25,75
792,2023-07-09,2023,7,July,CUST792,Female,20,18-24,Beauty,1,50,50
176,2023-07-11,2023,7,July,CUST176,Female,43,35-49,Beauty,2,50,100
216,2023-07-11,2023,7,July,CUST216,Male,62,50-64,Electronics,2,50,100
772,2023-07-12,2023,7,July,CUST772,Male,26,25-34,Electronics,1,30,30
53,2023-07-13,2023,7,July,CUST053,Male,34,25-34,Electronics,2,50,100
43,2023-07-14,2023,7,July,CUST043,Female,48,35-49,Clothing,1,300,300
71,2023-07-14,2023,7,July,CUST071,Female,51,50-64,Beauty,4,25,100
93,2023-07-14,2023,7,July,CUST093,Female,35,35-49,Beauty,4,500,2000
302,2023-07-14,2023,7,July,CUST302,Male,57,50-64,Beauty,2,300,600
551,2023-07-14,2023,7,July,CUST551,Male,45,35-49,Electronics,3,300,900
681,2023-07-14,2023,7,July,CUST681,Female,43,35-49,Electronics,2,30,60
722,2023-07-14,2023,7,July,CUST722,Male,20,18-24,Beauty,3,300,900
728,2023-07-14,2023,7,July,CUST728,Male,51,50-64,Electronics,3,50,150
829,2023-07-14,2023,7,July,CUST829,Male,61,50-64,Beauty,3,30,90
955,2023-07-14,2023,7,July,CUST955,Male,58,50-64,Clothing,1,25,25
144,2023-07-15,2023,7,July,CUST144,Female,59,50-64,Beauty,3,500,1500
474,2023-07-15,2023,7,July,CUST474,Female,26,25-34,Clothing,3,500,1500
603,2023-07-16,2023,7,July,CUST603,Female,40,35-49,Clothing,3,30,90
661,2023-07-16,2023,7,July,CUST661,Female,44,35-49,Clothing,4,25,100
143,2023-07-17,2023,7,July,CUST143,Female,45,35-49,Clothing,1,50,50
515,2023-07-17,2023,7,July,CUST515,Female,49,35-49,Clothing,3,300,900
304,2023-07-19,2023,7,July,CUST304,Female,37,35-49,Electronics,2,30,60
676,2023-07-19,2023,7,July,CUST676,Male,63,50-64,Electronics,3,500,1500
686,2023-07-19,2023,7,July,CUST686,Female,28,25-34,Electronics,4,50,200
698,2023-07-19,2023,7,July,CUST698,Female,64,50-64,Electronics,1,300,300
709,2023-07-21,2023,7,July,CUST709,Female,19,18-24,Electronics,2,500,1000
114,2023-07-22,2023,7,July,CUST114,Female,22,18-24,Beauty,4,25,100
359,2023-07-22,2023,7,July,CUST359,Male,50,50-64,Clothing,1,50,50
773,2023-07-23,2023,7,July,CUST773,Male,25,25-34,Electronics,4,500,2000
127,2023-07-24,2023,7,July,CUST127,Female,33,25-34,Clothing,2,25,50
213,2023-07-24,2023,7,July,CUST213,Male,27,25-34,Beauty,3,500,1500
487,2023-07-24,2023,7,July,CUST487,Male,44,35-49,Clothing,4,500,2000
495,2023-07-24,2023,7,July,CUST495,Male,24,18-24,Beauty,2,30,60
605,2023-07-24,2023,7,July,CUST605,Male,37,35-49,Electronics,2,500,1000
105,2023-07-25,2023,7,July,CUST105,Female,22,18-24,Electronics,1,500,500
299,2023-07-25,2023,7,July,CUST299,Male,61,50-64,Electronics,2,500,1000
934,2023-07-25,2023,7,July,CUST934,Male,30,25-34,Beauty,1,500,500
270,2023-07-26,2023,7,July,CUST270,Male,43,35-49,Electronics,1,300,300
338,2023-07-26,2023,7,July,CUST338,Male,54,50-64,Beauty,2,50,100
543,2023-07-26,2023,7,July,CUST543,Male,49,35-49,Beauty,2,300,600
557,2023-07-27,2023,7,July,CUST557,Female,20,18-24,Beauty,3,30,90
702,2023-07-27,2023,7,July,CUST702,Female,60,50-64,Clothing,2,300,600
864,2023-07-27,2023,7,July,CUST864,Female,51,50-64,Electronics,1,500,500
254,2023-07-28,2023,7,July,CUST254,Male,41,35-49,Electronics,1,500,500
295,2023-07-28,2023,7,July,CUST295,Female,27,25-34,Beauty,3,300,900
457,2023-07-28,2023,7,July,CUST457,Female,58,50-64,Beauty,3,300,900
668,2023-07-28,2023,7,July,CUST668,Female,62,50-64,Electronics,3,50,150
850,2023-07-28,2023,7,July,CUST850,Female,26,25-34,Beauty,2,500,1000
541,2023-07-29,2023,7,July,CUST541,Male,56,50-64,Beauty,1,500,500
980,2023-07-29,2023,7,July,CUST980,Female,31,25-34,Electronics,3,25,75
262,2023-07-30,2023,7,July,CUST262,Female,32,25-34,Beauty,4,30,120
467,2023-07-30,2023,7,July,CUST467,Female,53,50-64,Electronics,3,50,150
463,2023-07-31,2023,7,July,CUST463,Female,54,50-64,Beauty,3,500,1500
598,2023-08-01,2023,8,August,CUST598,Male,37,35-49,Beauty,4,30,120
667,2023-08-01,2023,8,August,CUST667,Female,29,25-34,Electronics,1,500,500
672,2023-08-01,2023,8,August,CUST672,Female,34,25-34,Beauty,2,50,100
949,2023-08-02,2023,8,August,CUST949,Female,41,35-49,Electronics,2,25,50
27,2023-08-03,2023,8,August,CUST027,Female,38,35-49,Beauty,2,25,50
347,2023-08-03,2023,8,August,CUST347,Male,42,35-49,Electronics,1,25,25
687,2023-08-03,2023,8,August,CUST687,Female,53,50-64,Electronics,1,300,300
549,2023-08-04,2023,8,August,CUST549,Female,50,50-64,Beauty,2,50,100
675,2023-08-04,2023,8,August,CUST675,Female,45,35-49,Clothing,2,30,60
730,2023-08-04,2023,8,August,CUST730,Female,36,35-49,Clothing,2,25,50
798,2023-08-04,2023,8,August,CUST798,Male,61,50-64,Clothing,1,50,50
13,2023-08-05,2023,8,August,CUST013,Male,22,18-24,Electronics,3,500,1500
35,2023-08-05,2023,8,August,CUST035,Female,58,50-64,Beauty,3,300,900
140,2023-08-05,2023,8,August,CUST140,Male,38,35-49,Electronics,1,30,30
206,2023-08-05,2023,8,August,CUST206,Male,61,50-64,Clothing,1,25,25
261,2023-08-05,2023,8,August,CUST261,Male,21,18-24,Clothing,2,25,50
279,2023-08-05,2023,8,August,CUST279,Male,50,50-64,Clothing,1,500,500
308,2023-08-05,2023,8,August,CUST308,Female,34,25-34,Beauty,4,300,1200
418,2023-08-05,2023,8,August,CUST418,Female,60,50-64,Electronics,2,500,1000
612,2023-08-06,2023,8,August,CUST612,Female,61,50-64,Electronics,1,500,500
875,2023-08-06,2023,8,August,CUST875,Female,51,50-64,Electronics,4,500,2000
430,2023-08-07,2023,8,August,CUST430,Female,43,35-49,Electronics,3,300,900
633,2023-08-07,2023,8,August,CUST633,Male,39,35-49,Beauty,4,30,120
125,2023-08-08,2023,8,August,CUST125,Male,48,35-49,Clothing,2,50,100
716,2023-08-08,2023,8,August,CUST716,Female,60,50-64,Clothing,4,300,1200
790,2023-08-08,2023,8,August,CUST790,Male,62,50-64,Clothing,1,25,25
960,2023-08-08,2023,8,August,CUST960,Male,59,50-64,Clothing,2,30,60
259,2023-08-09,2023,8,August,CUST259,Female,45,35-49,Clothing,4,50,200
443,2023-08-09,2023,8,August,CUST443,Male,29,25-34,Clothing,2,300,600
529,2023-08-09,2023,8,August,CUST529,Female,35,35-49,Clothing,3,50,150
563,2023-08-09,2023,8,August,CUST563,Male,20,18-24,Clothing,2,30,60
801,2023-08-10,2023,8,August,CUST801,Male,21,18-24,Clothing,4,50,200
160,2023-08-11,2023,8,August,CUST160,Female,43,35-49,Clothing,2,50,100
508,2023-08-11,2023,8,August,CUST508,Male,58,50-64,Beauty,2,300,600
807,2023-08-11,2023,8,August,CUST807,Female,50,50-64,Electronics,4,50,200
511,2023-08-12,2023,8,August,CUST511,Male,45,35-49,Beauty,2,50,100
521,2023-08-12,2023,8,August,CUST521,Female,47,35-49,Clothing,4,30,120
695,2023-08-12,2023,8,August,CUST695,Female,22,18-24,Electronics,3,50,150
816,2023-08-12,2023,8,August,CUST816,Male,47,35-49,Beauty,2,500,1000
217,2023-08-13,2023,8,August,CUST217,Female,35,35-49,Electronics,4,50,200
384,2023-08-13,2023,8,August,CUST384,Male,55,50-64,Clothing,1,500,500
648,2023-08-14,2023,8,August,CUST648,Male,53,50-64,Beauty,4,300,1200
926,2023-08-14,2023,8,August,CUST926,Male,22,18-24,Electronics,1,30,30
285,2023-08-15,2023,8,August,CUST285,Female,31,25-34,Electronics,1,25,25
427,2023-08-15,2023,8,August,CUST427,Male,25,25-34,Electronics,1,25,25
569,2023-08-15,2023,8,August,CUST569,Male,52,50-64,Electronics,4,50,200
570,2023-08-15,2023,8,August,CUST570,Male,49,35-49,Clothing,1,500,500
630,2023-08-15,2023,8,August,CUST630,Male,42,35-49,Clothing,2,50,100
957,2023-08-15,2023,8,August,CUST957,Female,60,50-64,Electronics,4,30,120
635,2023-08-17,2023,8,August,CUST635,Female,63,50-64,Electronics,3,300,900
29,2023-08-18,2023,8,August,CUST029,Female,42,35-49,Electronics,1,30,30
277,2023-08-18,2023,8,August,CUST277,Male,36,35-49,Clothing,4,25,100
859,2023-08-18,2023,8,August,CUST859,Female,56,50-64,Electronics,3,500,1500
638,2023-08-19,2023,8,August,CUST638,Male,46,35-49,Electronics,1,500,500
823,2023-08-19,2023,8,August,CUST823,Female,56,50-64,Electronics,2,50,100
956,2023-08-19,2023,8,August,CUST956,Male,30,25-34,Clothing,3,500,1500
981,2023-08-19,2023,8,August,CUST981,Female,30,25-34,Electronics,2,30,60
219,2023-08-20,2023,8,August,CUST219,Female,53,50-64,Electronics,3,30,90
73,2023-08-21,2023,8,August,CUST073,Male,29,25-34,Electronics,3,30,90
162,2023-08-21,2023,8,August,CUST162,Male,39,35-49,Clothing,2,30,60
306,2023-08-21,2023,8,August,CUST306,Male,54,50-64,Electronics,1,50,50
725,2023-08-21,2023,8,August,CUST725,Male,61,50-64,Electronics,1,300,300
880,2023-08-21,2023,8,August,CUST880,Male,22,18-24,Beauty,2,500,1000
992,2023-08-21,2023,8,August,CUST992,Female,57,50-64,Electronics,2,30,60
597,2023-08-22,2023,8,August,CUST597,Male,22,18-24,Beauty,4,300,1200
622,2023-08-22,2023,8,August,CUST622,Female,49,35-49,Beauty,3,25,75
116,2023-08-23,2023,8,August,CUST116,Female,23,18-24,Clothing,1,30,30
364,2023-08-23,2023,8,August,CUST364,Female,19,18-24,Beauty,1,500,500
368,2023-08-23,2023,8,August,CUST368,Female,56,50-64,Clothing,4,300,1200
50,2023-08-24,2023,8,August,CUST050,Female,27,25-34,Beauty,3,25,75
479,2023-08-24,2023,8,August,CUST479,Male,52,50-64,Electronics,4,300,1200
804,2023-08-24,2023,8,August,CUST804,Male,42,35-49,Electronics,1,30,30
92,2023-08-25,2023,8,August,CUST092,Female,51,50-64,Electronics,4,30,120
282,2023-08-25,2023,8,August,CUST282,Female,64,50-64,Electronics,4,50,200
718,2023-08-25,2023,8,August,CUST718,Female,59,50-64,Beauty,3,25,75
617,2023-08-26,2023,8,August,CUST617,Male,34,25-34,Electronics,1,30,30
624,2023-08-26,2023,8,August,CUST624,Female,34,25-34,Beauty,3,300,900
825,2023-08-26,2023,8,August,CUST825,Female,46,35-49,Beauty,1,25,25
568,2023-08-27,2023,8,August,CUST568,Female,51,50-64,Electronics,1,300,300
671,2023-08-27,2023,8,August,CUST671,Male,62,50-64,Electronics,3,50,150
756,2023-08-27,2023,8,August,CUST756,Female,62,50-64,Electronics,4,300,1200
815,2023-08-27,2023,8,August,CUST815,Female,51,50-64,Clothing,3,25,75
146,2023-08-28,2023,8,August,CUST146,Male,38,35-49,Clothing,4,50,200
263,2023-08-28,2023,8,August,CUST263,Male,23,18-24,Beauty,2,30,60
704,2023-08-28,2023,8,August,CUST704,Female,62,50-64,Clothing,3,30,90
476,2023-08-29,2023,8,August,CUST476,Female,27,25-34,Clothing,4,500,2000
733,2023-08-29,2023,8,August,CUST733,Male,34,25-34,Beauty,1,30,30
924,2023-08-29,2023,8,August,CUST924,Male,55,50-64,Beauty,2,50,100
984,2023-08-29,2023,8,August,CUST984,Male,56,50-64,Clothing,1,500,500
251,2023-08-31,2023,8,August,CUST251,Female,57,50-64,Beauty,4,50,200
253,2023-08-31,2023,8,August,CUST253,Female,53,50-64,Clothing,4,500,2000
574,2023-08-31,2023,8,August,CUST574,Female,63,50-64,Electronics,2,25,50
751,2023-08-31,2023,8,August,CUST751,Female,42,35-49,Clothing,2,25,50
871,2023-08-31,2023,8,August,CUST871,Male,62,50-64,Beauty,2,30,60
200,2023-09-01,2023,9,September,CUST200,Male,27,25-34,Beauty,3,50,150
594,2023-09-01,2023,9,September,CUST594,Female,19,18-24,Electronics,2,300,600
637,2023-09-01,2023,9,September,CUST637,Male,43,35-49,Clothing,2,300,600
855,2023-09-01,2023,9,September,CUST855,Male,54,50-64,Beauty,1,25,25
325,2023-09-02,2023,9,September,CUST325,Female,52,50-64,Electronics,2,25,50
682,2023-09-02,2023,9,September,CUST682,Male,46,35-49,Beauty,4,300,1200
931,2023-09-02,2023,9,September,CUST931,Male,30,25-34,Beauty,4,30,120
925,2023-09-03,2023,9,September,CUST925,Male,25,25-34,Electronics,1,300,300
297,2023-09-04,2023,9,September,CUST297,Female,40,35-49,Electronics,2,500,1000
814,2023-09-05,2023,9,September,CUST814,Female,59,50-64,Clothing,1,500,500
894,2023-09-05,2023,9,September,CUST894,Male,52,50-64,Electronics,1,30,30
194,2023-09-06,2023,9,September,CUST194,Male,55,50-64,Clothing,4,50,200
245,2023-09-06,2023,9,September,CUST245,Male,47,35-49,Clothing,3,30,90
296,2023-09-06,2023,9,September,CUST296,Female,22,18-24,Clothing,4,300,1200
644,2023-09-06,2023,9,September,CUST644,Male,23,18-24,Beauty,3,25,75
696,2023-09-06,2023,9,September,CUST696,Female,50,50-64,Clothing,4,50,200
312,2023-09-07,2023,9,September,CUST312,Male,41,35-49,Clothing,4,30,120
692,2023-09-07,2023,9,September,CUST692,Female,64,50-64,Clothing,2,50,100
835,2023-09-07,2023,9,September,CUST835,Male,37,35-49,Clothing,4,50,200
183,2023-09-08,2023,9,September,CUST183,Female,43,35-49,Beauty,3,300,900
413,2023-09-08,2023,9,September,CUST413,Female,44,35-49,Beauty,3,25,75
799,2023-09-08,2023,9,September,CUST799,Male,56,50-64,Electronics,2,50,100
851,2023-09-08,2023,9,September,CUST851,Male,32,25-34,Electronics,2,25,50
858,2023-09-09,2023,9,September,CUST858,Male,23,18-24,Electronics,2,50,100
919,2023-09-09,2023,9,September,CUST919,Female,22,18-24,Beauty,2,25,50
935,2023-09-09,2023,9,September,CUST935,Female,34,25-34,Beauty,1,50,50
132,2023-09-10,2023,9,September,CUST132,Male,42,35-49,Electronics,4,50,200
604,2023-09-11,2023,9,September,CUST604,Female,29,25-34,Electronics,4,50,200
832,2023-09-11,2023,9,September,CUST832,Male,47,35-49,Beauty,4,500,2000
113,2023-09-13,2023,9,September,CUST113,Female,41,35-49,Electronics,2,25,50
165,2023-09-14,2023,9,September,CUST165,Female,60,50-64,Clothing,4,300,1200
326,2023-09-15,2023,9,September,CUST326,Female,18,18-24,Clothing,3,25,75
19,2023-09-16,2023,9,September,CUST019,Female,62,50-64,Clothing,2,25,50
412,2023-09-16,2023,9,September,CUST412,Female,19,18-24,Electronics,4,500,2000
632,2023-09-16,2023,9,September,CUST632,Female,26,25-34,Electronics,4,25,100
167,2023-09-17,2023,9,September,CUST167,Female,43,35-49,Clothing,3,50,150
172,2023-09-17,2023,9,September,CUST172,Male,32,25-34,Beauty,2,25,50
375,2023-09-17,2023,9,September,CUST375,Male,32,25-34,Clothing,1,50,50
538,2023-09-17,2023,9,September,CUST538,Male,18,18-24,Clothing,3,50,150
794,2023-09-17,2023,9,September,CUST794,Female,60,50-64,Beauty,1,300,300
131,2023-09-18,2023,9,September,CUST131,Female,21,18-24,Beauty,2,300,600
330,2023-09-18,2023,9,September,CUST330,Female,25,25-34,Beauty,4,50,200
494,2023-09-18,2023,9,September,CUST494,Female,42,35-49,Beauty,4,50,200
513,2023-09-19,2023,9,September,CUST513,Male,24,18-24,Electronics,4,25,100
573,2023-09-19,2023,9,September,CUST573,Male,49,35-49,Beauty,2,30,60
241,2023-09-21,2023,9,September,CUST241,Female,23,18-24,Electronics,3,25,75
579,2023-09-21,2023,9,September,CUST579,Female,38,35-49,Electronics,1,30,30
218,2023-09-22,2023,9,September,CUST218,Male,64,50-64,Beauty,3,30,90
846,2023-09-22,2023,9,September,CUST846,Male,42,35-49,Beauty,1,50,50
616,2023-09-23,2023,9,September,CUST616,Male,41,35-49,Clothing,2,50,100
523,2023-09-24,2023,9,September,CUST523,Female,62,50-64,Electronics,1,300,300
643,2023-09-24,2023,9,September,CUST643,Female,28,25-34,Electronics,3,30,90
351,2023-09-25,2023,9,September,CUST351,Female,56,50-64,Clothing,3,30,90
809,2023-09-25,2023,9,September,CUST809,Female,62,50-64,Beauty,2,50,100
954,2023-09-25,2023,9,September,CUST954,Female,50,50-64,Electronics,3,300,900
897,2023-09-26,2023,9,September,CUST897,Female,64,50-64,Electronics,2,50,100
147,2023-09-28,2023,9,September,CUST147,Male,23,18-24,Electronics,1,300,300
204,2023-09-28,2023,9,September,CUST204,Male,39,35-49,Beauty,1,25,25
390,2023-09-28,2023,9,September,CUST390,Male,39,35-49,Electronics,2,50,100
179,2023-09-29,2023,9,September,CUST179,Male,31,25-34,Electronics,1,300,300
327,2023-09-29,2023,9,September,CUST327,Male,57,50-64,Electronics,3,50,150
626,2023-09-29,2023,9,September,CUST626,Female,26,25-34,Clothing,4,500,2000
873,2023-09-29,2023,9,September,CUST873,Female,27,25-34,Electronics,4,25,100
196,2023-09-30,2023,9,September,CUST196,Female,32,25-34,Clothing,3,300,900
789,2023-09-30,2023,9,September,CUST789,Female,61,50-64,Clothing,4,500,2000
89,2023-10-01,2023,10,October,CUST089,Female,55,50-64,Electronics,4,500,2000
707,2023-10-01,2023,10,October,CUST707,Female,26,25-34,Clothing,1,500,500
909,2023-10-01,2023,10,October,CUST909,Male,26,25-34,Electronics,1,300,300
51,2023-10-02,2023,10,October,CUST051,Male,27,25-34,Beauty,3,25,75
154,2023-10-02,2023,10,October,CUST154,Male,51,50-64,Electronics,3,300,900
276,2023-10-02,2023,10,October,CUST276,Female,21,18-24,Beauty,4,25,100
497,2023-10-02,2023,10,October,CUST497,Male,41,35-49,Clothing,4,30,120
889,2023-10-02,2023,10,October,CUST889,Female,35,35-49,Electronics,1,50,50
122,2023-10-03,2023,10,October,CUST122,Male,64,50-64,Electronics,4,30,120
373,2023-10-03,2023,10,October,CUST373,Female,25,25-34,Beauty,2,300,600
524,2023-10-03,2023,10,October,CUST524,Male,46,35-49,Beauty,4,300,1200
688,2023-10-03,2023,10,October,CUST688,Male,56,50-64,Clothing,4,25,100
813,2023-10-03,2023,10,October,CUST813,Male,52,50-64,Electronics,3,50,150
178,2023-10-04,2023,10,October,CUST178,Male,40,35-49,Clothing,2,30,60
208,2023-10-04,2023,10,October,CUST208,Female,34,25-34,Electronics,4,50,200
247,2023-10-04,2023,10,October,CUST247,Male,41,35-49,Electronics,2,30,60
290,2023-10-04,2023,10,October,CUST290,Female,30,25-34,Beauty,2,300,600
656,2023-10-04,2023,10,October,CUST656,Male,29,25-34,Beauty,3,30,90
735,2023-10-04,2023,10,October,CUST735,Female,64,50-64,Clothing,4,500,2000
319,2023-10-05,2023,10,October,CUST319,Male,31,25-34,Clothing,1,500,500
670,2023-10-05,2023,10,October,CUST670,Male,27,25-34,Beauty,1,30,30
385,2023-10-06,2023,10,October,CUST385,Male,50,50-64,Electronics,3,500,1500
10,2023-10-07,2023,10,October,CUST010,Female,52,50-64,Clothing,4,50,200
26,2023-10-07,2023,10,October,CUST026,Female,28,25-34,Electronics,2,500,1000
437,2023-10-07,2023,10,October,CUST437,Female,35,35-49,Electronics,4,300,1200
689,2023-10-07,2023,10,October,CUST689,Male,57,50-64,Electronics,2,50,100
558,2023-10-08,2023,10,October,CUST558,Female,41,35-49,Clothing,1,25,25
634,2023-10-08,2023,10,October,CUST634,Male,60,50-64,Electronics,4,500,2000
201,2023-10-09,2023,10,October,CUST201,Male,56,50-64,Electronics,1,25,25
286,2023-10-09,2023,10,October,CUST286,Male,55,50-64,Electronics,2,25,50
876,2023-10-09,2023,10,October,CUST876,Male,43,35-49,Clothing,4,30,120
55,2023-10-10,2023,10,October,CUST055,Male,31,25-34,Beauty,4,30,120
428,2023-10-10,2023,10,October,CUST428,Female,40,35-49,Electronics,4,50,200
441,2023-10-10,2023,10,October,CUST441,Male,57,50-64,Beauty,4,300,1200
976,2023-10-10,2023,10,October,CUST976,Female,48,35-49,Beauty,2,300,600
149,2023-10-11,2023,10,October,CUST149,Male,22,18-24,Clothing,3,25,75
227,2023-10-11,2023,10,October,CUST227,Male,36,35-49,Electronics,2,50,100
393,2023-10-11,2023,10,October,CUST393,Female,22,18-24,Beauty,2,500,1000
401,2023-10-11,2023,10,October,CUST401,Female,62,50-64,Clothing,1,300,300
546,2023-10-11,2023,10,October,CUST546,Female,36,35-49,Electronics,4,50,200
872,2023-10-11,2023,10,October,CUST872,Female,63,50-64,Beauty,3,25,75
914,2023-10-11,2023,10,October,CUST914,Female,59,50-64,Electronics,1,500,500
310,2023-10-12,2023,10,October,CUST310,Female,28,25-34,Beauty,1,25,25
844,2023-10-12,2023,10,October,CUST844,Male,35,35-49,Clothing,3,50,150
852,2023-10-12,2023,10,October,CUST852,Female,41,35-49,Clothing,1,300,300
97,2023-10-13,2023,10,October,CUST097,Female,51,50-64,Beauty,2,500,1000
619,2023-10-13,2023,10,October,CUST619,Male,47,35-49,Electronics,4,25,100
948,2023-10-13,2023,10,October,CUST948,Female,23,18-24,Electronics,3,25,75
456,2023-10-14,2023,10,October,CUST456,Male,57,50-64,Electronics,2,30,60
627,2023-10-14,2023,10,October,CUST627,Male,57,50-64,Clothing,1,50,50
22,2023-10-15,2023,10,October,CUST022,Male,18,18-24,Clothing,2,50,100
121,2023-10-15,2023,10,October,CUST121,Female,28,25-34,Electronics,4,50,200
431,2023-10-15,2023,10,October,CUST431,Male,63,50-64,Electronics,4,300,1200
370,2023-10-16,2023,10,October,CUST370,Male,23,18-24,Electronics,2,30,60
711,2023-10-16,2023,10,October,CUST711,Male,26,25-34,Electronics,3,500,1500
754,2023-10-16,2023,10,October,CUST754,Female,43,35-49,Electronics,4,25,100
943,2023-10-16,2023,10,October,CUST943,Female,57,50-64,Clothing,4,300,1200
350,2023-10-17,2023,10,October,CUST350,Male,25,25-34,Beauty,3,25,75
786,2023-10-17,2023,10,October,CUST786,Male,48,35-49,Clothing,4,25,100
109,2023-10-18,2023,10,October,CUST109,Female,34,25-34,Electronics,4,500,2000
191,2023-10-18,2023,10,October,CUST191,Male,64,50-64,Beauty,1,25,25
340,2023-10-19,2023,10,October,CUST340,Female,36,35-49,Clothing,4,300,1200
555,2023-10-19,2023,10,October,CUST555,Male,25,25-34,Beauty,1,300,300
826,2023-10-19,2023,10,October,CUST826,Female,46,35-49,Clothing,1,300,300
962,2023-10-19,2023,10,October,CUST962,Male,44,35-49,Clothing,2,30,60
249,2023-10-20,2023,10,October,CUST249,Male,20,18-24,Clothing,1,50,50
922,2023-10-21,2023,10,October,CUST922,Male,41,35-49,Electronics,1,50,50
600,2023-10-22,2023,10,October,CUST600,Female,59,50-64,Beauty,2,500,1000
680,2023-10-22,2023,10,October,CUST680,Female,53,50-64,Clothing,3,300,900
770,2023-10-22,2023,10,October,CUST770,Male,32,25-34,Clothing,1,50,50
60,2023-10-23,2023,10,October,CUST060,Male,30,25-34,Beauty,3,50,150
250,2023-10-23,2023,10,October,CUST250,Male,48,35-49,Electronics,1,50,50
516,2023-10-23,2023,10,October,CUST516,Male,30,25-34,Beauty,4,25,100
937,2023-10-23,2023,10,October,CUST937,Female,62,50-64,Beauty,1,500,500
318,2023-10-24,2023,10,October,CUST318,Male,61,50-64,Clothing,1,25,25
342,2023-10-24,2023,10,October,CUST342,Female,43,35-49,Clothing,4,500,2000
564,2023-10-24,2023,10,October,CUST564,Male,50,50-64,Electronics,2,50,100
767,2023-10-24,2023,10,October,CUST767,Male,39,35-49,Beauty,3,25,75
503,2023-10-25,2023,10,October,CUST503,Male,45,35-49,Beauty,4,500,2000
869,2023-10-25,2023,10,October,CUST869,Male,37,35-49,Beauty,3,500,1500
126,2023-10-26,2023,10,October,CUST126,Female,28,25-34,Clothing,3,30,90
349,2023-10-26,2023,10,October,CUST349,Female,57,50-64,Beauty,1,50,50
440,2023-10-26,2023,10,October,CUST440,Male,64,50-64,Clothing,2,300,600
124,2023-10-27,2023,10,October,CUST124,Male,33,25-34,Clothing,4,500,2000
324,2023-10-27,2023,10,October,CUST324,Female,52,50-64,Electronics,3,50,150
677,2023-10-27,2023,10,October,CUST677,Female,19,18-24,Beauty,3,500,1500
30,2023-10-29,2023,10,October,CUST030,Female,39,35-49,Beauty,3,300,900
226,2023-10-29,2023,10,October,CUST226,Female,61,50-64,Clothing,1,50,50
229,2023-10-29,2023,10,October,CUST229,Male,58,50-64,Beauty,3,30,90
896,2023-10-29,2023,10,October,CUST896,Female,30,25-34,Electronics,2,25,50
959,2023-10-29,2023,10,October,CUST959,Female,42,35-49,Electronics,2,30,60
998,2023-10-29,2023,10,October,CUST998,Female,23,18-24,Beauty,4,25,100
12,2023-10-30,2023,10,October,CUST012,Male,35,35-49,Beauty,3,25,75
710,2023-10-31,2023,10,October,CUST710,Female,26,25-34,Electronics,3,500,1500
776,2023-10-31,2023,10,October,CUST776,Male,35,35-49,Clothing,3,30,90
817,2023-10-31,2023,10,October,CUST817,Male,30,25-34,Beauty,4,50,200
334,2023-11-01,2023,11,November,CUST334,Male,31,25-34,Electronics,3,300,900
343,2023-11-01,2023,11,November,CUST343,Male,21,18-24,Electronics,2,25,50
628,2023-11-01,2023,11,November,CUST628,Female,19,18-24,Beauty,4,50,200
983,2023-11-01,2023,11,November,CUST983,Female,29,25-34,Clothing,1,300,300
141,2023-11-02,2023,11,November,CUST141,Female,22,18-24,Electronics,1,50,50
145,2023-11-02,2023,11,November,CUST145,Female,39,35-49,Clothing,3,25,75
507,2023-11-02,2023,11,November,CUST507,Female,37,35-49,Electronics,3,500,1500
841,2023-11-02,2023,11,November,CUST841,Male,31,25-34,Electronics,4,25,100
898,2023-11-02,2023,11,November,CUST898,Female,42,35-49,Clothing,3,30,90
951,2023-11-02,2023,11,November,CUST951,Male,33,25-34,Beauty,2,50,100
181,2023-11-03,2023,11,November,CUST181,Male,19,18-24,Electronics,4,300,1200
784,2023-11-04,2023,11,November,CUST784,Female,34,25-34,Electronics,1,500,500
20,2023-11-05,2023,11,November,CUST020,Male,22,18-24,Clothing,3,300,900
690,2023-11-05,2023,11,November,CUST690,Female,52,50-64,Clothing,3,300,900
47,2023-11-06,2023,11,November,CUST047,Female,40,35-49,Beauty,3,500,1500
405,2023-11-06,2023,11,November,CUST405,Female,25,25-34,Clothing,4,300,1200
205,2023-11-07,2023,11,November,CUST205,Female,43,35-49,Clothing,1,25,25
512,2023-11-07,2023,11,November,CUST512,Female,57,50-64,Beauty,1,25,25
565,2023-11-07,2023,11,November,CUST565,Female,45,35-49,Beauty,2,30,60
761,2023-11-07,2023,11,November,CUST761,Female,33,25-34,Clothing,1,500,500
762,2023-11-07,2023,11,November,CUST762,Female,24,18-24,Electronics,2,25,50
950,2023-11-07,2023,11,November,CUST950,Male,36,35-49,Clothing,3,300,900
86,2023-11-08,2023,11,November,CUST086,Male,19,18-24,Beauty,3,30,90
173,2023-11-08,2023,11,November,CUST173,Male,64,50-64,Electronics,4,30,120
595,2023-11-09,2023,11,November,CUST595,Female,18,18-24,Clothing,4,500,2000
827,2023-11-09,2023,11,November,CUST827,Male,61,50-64,Beauty,3,300,900
965,2023-11-09,2023,11,November,CUST965,Male,22,18-24,Clothing,4,50,200
388,2023-11-10,2023,11,November,CUST388,Male,50,50-64,Electronics,1,25,25
631,2023-11-10,2023,11,November,CUST631,Male,56,50-64,Electronics,3,30,90
554,2023-11-12,2023,11,November,CUST554,Female,46,35-49,Beauty,3,50,150
812,2023-11-12,2023,11,November,CUST812,Male,19,18-24,Electronics,3,25,75
58,2023-11-13,2023,11,November,CUST058,Male,18,18-24,Clothing,4,300,1200
952,2023-11-13,2023,11,November,CUST952,Female,57,50-64,Clothing,1,25,25
345,2023-11-14,2023,11,November,CUST345,Male,62,50-64,Electronics,1,30,30
458,2023-11-14,2023,11,November,CUST458,Female,39,35-49,Electronics,4,25,100
582,2023-11-14,2023,11,November,CUST582,Male,35,35-49,Clothing,3,300,900
963,2023-11-14,2023,11,November,CUST963,Female,55,50-64,Beauty,1,50,50
369,2023-11-15,2023,11,November,CUST369,Male,23,18-24,Electronics,3,500,1500
706,2023-11-15,2023,11,November,CUST706,Male,51,50-64,Electronics,4,25,100
747,2023-11-15,2023,11,November,CUST747,Male,23,18-24,Beauty,1,30,30
533,2023-11-16,2023,11,November,CUST533,Male,19,18-24,Electronics,3,500,1500
169,2023-11-17,2023,11,November,CUST169,Male,18,18-24,Beauty,3,500,1500
645,2023-11-17,2023,11,November,CUST645,Female,35,35-49,Electronics,4,30,120
968,2023-11-17,2023,11,November,CUST968,Female,48,35-49,Clothing,3,300,900
997,2023-11-17,2023,11,November,CUST997,Male,52,50-64,Beauty,3,30,90
57,2023-11-18,2023,11,November,CUST057,Female,63,50-64,Beauty,1,30,30
137,2023-11-18,2023,11,November,CUST137,Male,46,35-49,Beauty,2,500,1000
778,2023-11-18,2023,11,November,CUST778,Female,47,35-49,Beauty,4,25,100
599,2023-11-19,2023,11,November,CUST599,Female,28,25-34,Beauty,2,50,100
938,2023-11-19,2023,11,November,CUST938,Male,49,35-49,Clothing,4,50,200
234,2023-11-20,2023,11,November,CUST234,Female,62,50-64,Electronics,2,25,50
410,2023-11-21,2023,11,November,CUST410,Female,29,25-34,Clothing,2,50,100
417,2023-11-21,2023,11,November,CUST417,Male,43,35-49,Electronics,3,300,900
581,2023-11-21,2023,11,November,CUST581,Female,48,35-49,Beauty,2,30,60
74,2023-11-22,2023,11,November,CUST074,Female,18,18-24,Beauty,4,500,2000
87,2023-11-22,2023,11,November,CUST087,Female,28,25-34,Beauty,2,50,100
803,2023-11-22,2023,11,November,CUST803,Male,39,35-49,Clothing,4,25,100
424,2023-11-23,2023,11,November,CUST424,Male,57,50-64,Beauty,4,300,1200
641,2023-11-23,2023,11,November,CUST641,Female,40,35-49,Electronics,1,300,300
918,2023-11-23,2023,11,November,CUST918,Female,42,35-49,Electronics,3,30,90
1,2023-11-24,2023,11,November,CUST001,Male,34,25-34,Beauty,3,50,150
95,2023-11-24,2023,11,November,CUST095,Female,32,25-34,Clothing,2,30,60
171,2023-11-24,2023,11,November,CUST171,Female,52,50-64,Clothing,3,300,900
156,2023-11-25,2023,11,November,CUST156,Female,43,35-49,Clothing,4,25,100
493,2023-11-25,2023,11,November,CUST493,Male,41,35-49,Beauty,2,25,50
115,2023-11-26,2023,11,November,CUST115,Male,51,50-64,Clothing,3,500,1500
715,2023-11-26,2023,11,November,CUST715,Female,42,35-49,Beauty,4,25,100
267,2023-11-27,2023,11,November,CUST267,Female,32,25-34,Beauty,3,30,90
362,2023-11-27,2023,11,November,CUST362,Male,50,50-64,Clothing,1,25,25
856,2023-11-27,2023,11,November,CUST856,Male,54,50-64,Electronics,4,30,120
84,2023-11-28,2023,11,November,CUST084,Female,38,35-49,Electronics,3,30,90
795,2023-11-28,2023,11,November,CUST795,Male,57,50-64,Electronics,1,300,300
24,2023-11-29,2023,11,November,CUST024,Female,49,35-49,Clothing,1,300,300
215,2023-11-29,2023,11,November,CUST215,Male,58,50-64,Clothing,3,500,1500
739,2023-11-29,2023,11,November,CUST739,Male,36,35-49,Beauty,1,25,25
289,2023-11-30,2023,11,November,CUST289,Male,53,50-64,Electronics,2,30,60
741,2023-11-30,2023,11,November,CUST741,Male,48,35-49,Clothing,1,300,300
810,2023-11-30,2023,11,November,CUST810,Male,59,50-64,Electronics,4,25,100
266,2023-12-01,2023,12,December,CUST266,Female,19,18-24,Electronics,2,30,60
389,2023-12-01,2023,12,December,CUST389,Male,21,18-24,Clothing,2,25,50
112,2023-12-02,2023,12,December,CUST112,Male,37,35-49,Clothing,3,500,1500
566,2023-12-02,2023,12,December,CUST566,Female,64,50-64,Clothing,1,30,30
608,2023-12-02,2023,12,December,CUST608,Female,55,50-64,Electronics,3,500,1500
348,2023-12-03,2023,12,December,CUST348,Female,35,35-49,Electronics,2,300,600
199,2023-12-04,2023,12,December,CUST199,Male,45,35-49,Beauty,3,500,1500
258,2023-12-04,2023,12,December,CUST258,Female,37,35-49,Clothing,1,50,50
485,2023-12-04,2023,12,December,CUST485,Male,24,18-24,Electronics,1,30,30
576,2023-12-04,2023,12,December,CUST576,Female,33,25-34,Beauty,3,50,150
65,2023-12-05,2023,12,December,CUST065,Male,51,50-64,Electronics,4,500,2000
311,2023-12-05,2023,12,December,CUST311,Female,32,25-34,Beauty,4,25,100
791,2023-12-05,2023,12,December,CUST791,Female,51,50-64,Beauty,1,25,25
971,2023-12-05,2023,12,December,CUST971,Female,27,25-34,Electronics,4,50,200
999,2023-12-05,2023,12,December,CUST999,Female,36,35-49,Electronics,3,50,150
395,2023-12-06,2023,12,December,CUST395,Male,50,50-64,Electronics,2,500,1000
535,2023-12-06,2023,12,December,CUST535,Male,47,35-49,Beauty,3,30,90
580,2023-12-06,2023,12,December,CUST580,Female,31,25-34,Clothing,3,500,1500
712,2023-12-06,2023,12,December,CUST712,Female,57,50-64,Beauty,2,25,50
868,2023-12-06,2023,12,December,CUST868,Female,25,25-34,Electronics,1,300,300
531,2023-12-07,2023,12,December,CUST531,Male,31,25-34,Electronics,1,500,500
550,2023-12-07,2023,12,December,CUST550,Male,40,35-49,Clothing,3,300,900
392,2023-12-08,2023,12,December,CUST392,Male,27,25-34,Clothing,2,300,600
453,2023-12-08,2023,12,December,CUST453,Female,26,25-34,Clothing,2,500,1000
540,2023-12-08,2023,12,December,CUST540,Female,46,35-49,Electronics,3,300,900
625,2023-12-08,2023,12,December,CUST625,Male,31,25-34,Clothing,1,300,300
244,2023-12-09,2023,12,December,CUST244,Male,28,25-34,Beauty,2,50,100
355,2023-12-09,2023,12,December,CUST355,Female,55,50-64,Electronics,1,500,500
468,2023-12-09,2023,12,December,CUST468,Male,40,35-49,Electronics,1,25,25
700,2023-12-09,2023,12,December,CUST700,Male,36,35-49,Electronics,4,500,2000
752,2023-12-09,2023,12,December,CUST752,Male,29,25-34,Clothing,2,50,100
828,2023-12-09,2023,12,December,CUST828,Female,33,25-34,Electronics,4,300,1200
80,2023-12-10,2023,12,December,CUST080,Female,64,50-64,Clothing,2,30,60
214,2023-12-10,2023,12,December,CUST214,Male,20,18-24,Beauty,2,30,60
361,2023-12-10,2023,12,December,CUST361,Female,34,25-34,Electronics,4,300,1200
526,2023-12-10,2023,12,December,CUST526,Male,33,25-34,Clothing,2,50,100
265,2023-12-11,2023,12,December,CUST265,Male,55,50-64,Clothing,3,300,900
586,2023-12-11,2023,12,December,CUST586,Male,50,50-64,Electronics,1,50,50
336,2023-12-12,2023,12,December,CUST336,Female,52,50-64,Beauty,3,50,150
571,2023-12-12,2023,12,December,CUST571,Female,41,35-49,Electronics,1,50,50
9,2023-12-13,2023,12,December,CUST009,Male,63,50-64,Electronics,2,300,600
552,2023-12-13,2023,12,December,CUST552,Female,49,35-49,Electronics,3,25,75
771,2023-12-13,2023,12,December,CUST771,Male,24,18-24,Electronics,2,25,50
496,2023-12-14,2023,12,December,CUST496,Male,23,18-24,Clothing,2,300,600
701,2023-12-14,2023,12,December,CUST701,Female,52,50-64,Beauty,2,30,60
139,2023-12-15,2023,12,December,CUST139,Male,36,35-49,Beauty,4,500,2000
151,2023-12-15,2023,12,December,CUST151,Male,29,25-34,Clothing,1,50,50
83,2023-12-16,2023,12,December,CUST083,Male,54,50-64,Electronics,2,50,100
153,2023-12-16,2023,12,December,CUST153,Male,63,50-64,Electronics,2,500,1000
451,2023-12-16,2023,12,December,CUST451,Female,45,35-49,Electronics,1,30,30
99,2023-12-17,2023,12,December,CUST099,Female,50,50-64,Electronics,4,300,1200
783,2023-12-17,2023,12,December,CUST783,Female,56,50-64,Clothing,1,300,300
409,2023-12-18,2023,12,December,CUST409,Female,21,18-24,Electronics,3,300,900
525,2023-12-18,2023,12,December,CUST525,Female,47,35-49,Beauty,2,25,50
939,2023-12-18,2023,12,December,CUST939,Female,46,35-49,Electronics,1,300,300
994,2023-12-18,2023,12,December,CUST994,Female,51,50-64,Beauty,2,500,1000
96,2023-12-19,2023,12,December,CUST096,Female,44,35-49,Clothing,2,300,600
609,2023-12-19,2023,12,December,CUST609,Female,47,35-49,Clothing,2,50,100
982,2023-12-19,2023,12,December,CUST982,Female,46,35-49,Beauty,3,30,90
209,2023-12-20,2023,12,December,CUST209,Female,30,25-34,Electronics,4,50,200
435,2023-12-20,2023,12,December,CUST435,Female,30,25-34,Beauty,3,300,900
777,2023-12-20,2023,12,December,CUST777,Male,48,35-49,Electronics,3,50,150
854,2023-12-20,2023,12,December,CUST854,Male,29,25-34,Clothing,1,50,50
890,2023-12-20,2023,12,December,CUST890,Male,34,25-34,Electronics,2,25,50
865,2023-12-21,2023,12,December,CUST865,Female,42,35-49,Clothing,1,300,300
662,2023-12-22,2023,12,December,CUST662,Male,48,35-49,Beauty,2,500,1000
309,2023-12-23,2023,12,December,CUST309,Female,26,25-34,Beauty,1,25,25
544,2023-12-23,2023,12,December,CUST544,Female,27,25-34,Electronics,1,25,25
602,2023-12-23,2023,12,December,CUST602,Female,20,18-24,Electronics,1,300,300
615,2023-12-23,2023,12,December,CUST615,Female,61,50-64,Clothing,4,25,100
678,2023-12-23,2023,12,December,CUST678,Female,60,50-64,Electronics,3,300,900
781,2023-12-23,2023,12,December,CUST781,Male,35,35-49,Beauty,1,500,500
34,2023-12-24,2023,12,December,CUST034,Female,51,50-64,Clothing,3,50,150
916,2023-12-24,2023,12,December,CUST916,Female,32,25-34,Electronics,1,50,50
757,2023-12-25,2023,12,December,CUST757,Female,43,35-49,Electronics,4,300,1200
25,2023-12-26,2023,12,December,CUST025,Female,64,50-64,Beauty,1,50,50
82,2023-12-26,2023,12,December,CUST082,Female,32,25-34,Beauty,4,50,200
472,2023-12-26,2023,12,December,CUST472,Female,38,35-49,Beauty,3,300,900
842,2023-12-26,2023,12,December,CUST842,Female,47,35-49,Clothing,2,300,600
879,2023-12-26,2023,12,December,CUST879,Male,23,18-24,Clothing,1,30,30
991,2023-12-26,2023,12,December,CUST991,Female,34,25-34,Clothing,2,50,100
62,2023-12-27,2023,12,December,CUST062,Male,18,18-24,Beauty,2,50,100
386,2023-12-27,2023,12,December,CUST386,Female,54,50-64,Electronics,2,300,600
429,2023-12-28,2023,12,December,CUST429,Male,64,50-64,Electronics,2,25,50
664,2023-12-28,2023,12,December,CUST664,Female,44,35-49,Clothing,4,500,2000
989,2023-12-28,2023,12,December,CUST989,Female,44,35-49,Electronics,1,25,25
233,2023-12-29,2023,12,December,CUST233,Female,51,50-64,Beauty,2,300,600
520,2023-12-29,2023,12,December,CUST520,Female,49,35-49,Electronics,4,25,100
805,2023-12-29,2023,12,December,CUST805,Female,30,25-34,Beauty,3,500,1500
908,2023-12-29,2023,12,December,CUST908,Male,46,35-49,Beauty,4,300,1200
857,2023-12-31,2023,12,December,CUST857,Male,60,50-64,Electronics,2,25,50
211,2024-01-01,2024,1,January,CUST211,Male,42,35-49,Beauty,3,500,1500
650,2024-01-01,2024,1,January,CUST650,Male,55,50-64,Electronics,1,30,30
